{
  "timestamp": {
    "sec": 1774013070,
    "nanosec": 967208894
  },
  "name": [
    "right_little_1_joint",
    "right_ring_1_joint",
    "right_middle_1_joint",
    "right_index_1_joint",
    "right_thumb_2_joint",
    "right_thumb_1_joint",
    "right_index_2_joint",
    "right_middle_2_joint",
    "right_ring_2_joint",
    "right_little_2_joint",
    "right_thumb_3_joint",
    "right_thumb_4_joint"
  ],
  "position": [
    1.2176297903060913,
    1.1960150003433228,
    1.2262756824493408,
    1.1599904298782349,
    0.575980007648468,
    1.309000015258789,
    1.2577776908874512,
    1.3296507596969604,
    1.2968391180038452,
    1.3202760219573975,
    0.0,
    0.0
  ],
  "velocity": [],
  "effort": []
}