{
  "timestamp": {
    "sec": 1774013070,
    "nanosec": 899410001
  },
  "name": [
    "right_little_1_joint",
    "right_ring_1_joint",
    "right_middle_1_joint",
    "right_index_1_joint",
    "right_thumb_2_joint",
    "right_thumb_1_joint",
    "right_index_2_joint",
    "right_middle_2_joint",
    "right_ring_2_joint",
    "right_little_2_joint",
    "right_thumb_3_joint",
    "right_thumb_4_joint"
  ],
  "position": [
    1.211865782737732,
    1.1960150003433228,
    1.2190707921981812,
    1.1499035358428955,
    0.5660600066184998,
    1.309000015258789,
    1.246840476989746,
    1.3218384981155396,
    1.2968391180038452,
    1.314026117324829,
    0.0,
    0.0
  ],
  "velocity": [],
  "effort": []
}