{
  "timestamp": {
    "sec": 1774013070,
    "nanosec": 831735593
  },
  "name": [
    "right_little_1_joint",
    "right_ring_1_joint",
    "right_middle_1_joint",
    "right_index_1_joint",
    "right_thumb_2_joint",
    "right_thumb_1_joint",
    "right_index_2_joint",
    "right_middle_2_joint",
    "right_ring_2_joint",
    "right_little_2_joint",
    "right_thumb_3_joint",
    "right_thumb_4_joint"
  ],
  "position": [
    1.2003380060195923,
    1.1960150003433228,
    1.2133067846298218,
    1.141257643699646,
    0.560479998588562,
    1.309000015258789,
    1.237465739250183,
    1.3155885934829712,
    1.2968391180038452,
    1.3015265464782715,
    0.0,
    0.0
  ],
  "velocity": [],
  "effort": []
}