{
  "timestamp": {
    "sec": 1774010394,
    "nanosec": 828846155
  },
  "name": [
    "right_little_1_joint",
    "right_ring_1_joint",
    "right_middle_1_joint",
    "right_index_1_joint",
    "right_thumb_2_joint",
    "right_thumb_1_joint",
    "right_index_2_joint",
    "right_middle_2_joint",
    "right_ring_2_joint",
    "right_little_2_joint",
    "right_thumb_3_joint",
    "right_thumb_4_joint"
  ],
  "position": [
    1.438099980354309,
    1.031743049621582,
    1.0547987222671509,
    1.0403889417648315,
    0.619379997253418,
    1.309000015258789,
    1.1280937194824219,
    1.1437182426452637,
    1.1187189817428589,
    1.5593318939208984,
    0.0,
    0.0
  ],
  "velocity": [],
  "effort": []
}