{
  "timestamp": {
    "sec": 1774013071,
    "nanosec": 500042766
  },
  "name": [
    "right_little_1_joint",
    "right_ring_1_joint",
    "right_middle_1_joint",
    "right_index_1_joint",
    "right_thumb_2_joint",
    "right_thumb_1_joint",
    "right_index_2_joint",
    "right_middle_2_joint",
    "right_ring_2_joint",
    "right_little_2_joint",
    "right_thumb_3_joint",
    "right_thumb_4_joint"
  ],
  "position": [
    1.2478903532028198,
    1.2334805727005005,
    1.2464494705200195,
    1.1772822141647339,
    0.6069799661636353,
    1.309000015258789,
    1.2765271663665771,
    1.3515251874923706,
    1.3374630212783813,
    1.3530875444412231,
    0.0,
    0.0
  ],
  "velocity": [],
  "effort": []
}