{
  "timestamp": {
    "sec": 1774013071,
    "nanosec": 337383105
  },
  "name": [
    "right_little_1_joint",
    "right_ring_1_joint",
    "right_middle_1_joint",
    "right_index_1_joint",
    "right_thumb_2_joint",
    "right_thumb_1_joint",
    "right_index_2_joint",
    "right_middle_2_joint",
    "right_ring_2_joint",
    "right_little_2_joint",
    "right_thumb_3_joint",
    "right_thumb_4_joint"
  ],
  "position": [
    1.2478903532028198,
    1.2392444610595703,
    1.2478903532028198,
    1.1772822141647339,
    0.603879988193512,
    1.309000015258789,
    1.2765271663665771,
    1.3530875444412231,
    1.3437128067016602,
    1.3530875444412231,
    0.0,
    0.0
  ],
  "velocity": [],
  "effort": []
}