{
  "timestamp": {
    "sec": 1774013071,
    "nanosec": 170120513
  },
  "name": [
    "right_little_1_joint",
    "right_ring_1_joint",
    "right_middle_1_joint",
    "right_index_1_joint",
    "right_thumb_2_joint",
    "right_thumb_1_joint",
    "right_index_2_joint",
    "right_middle_2_joint",
    "right_ring_2_joint",
    "right_little_2_joint",
    "right_thumb_3_joint",
    "right_thumb_4_joint"
  ],
  "position": [
    1.255095362663269,
    1.2507723569869995,
    1.2723870277404785,
    1.190251111984253,
    0.603879988193512,
    1.309000015258789,
    1.2905893325805664,
    1.37964928150177,
    1.3562124967575073,
    1.3608999252319336,
    0.0,
    0.0
  ],
  "velocity": [],
  "effort": []
}