{
  "timestamp": {
    "sec": 1774013072,
    "nanosec": 144090915
  },
  "name": [
    "right_little_1_joint",
    "right_ring_1_joint",
    "right_middle_1_joint",
    "right_index_1_joint",
    "right_thumb_2_joint",
    "right_thumb_1_joint",
    "right_index_2_joint",
    "right_middle_2_joint",
    "right_ring_2_joint",
    "right_little_2_joint",
    "right_thumb_3_joint",
    "right_thumb_4_joint"
  ],
  "position": [
    1.2507723569869995,
    1.2493313550949097,
    1.2464494705200195,
    1.1859281063079834,
    0.6200000047683716,
    1.309000015258789,
    1.2859019041061401,
    1.3515251874923706,
    1.3546500205993652,
    1.3562124967575073,
    0.0,
    0.0
  ],
  "velocity": [],
  "effort": []
}