{
  "timestamp": {
    "sec": 1777462195,
    "nanosec": 451750421
  },
  "name": [
    "right_little_1_joint",
    "right_ring_1_joint",
    "right_middle_1_joint",
    "right_index_1_joint",
    "right_thumb_2_joint",
    "right_thumb_1_joint",
    "right_index_2_joint",
    "right_middle_2_joint",
    "right_ring_2_joint",
    "right_little_2_joint",
    "right_thumb_3_joint",
    "right_thumb_4_joint"
  ],
  "position": [
    1.4323360721442886,
    1.1556675350701402,
    1.118202004008016,
    1.1052331663326653,
    0.61814,
    1.03411,
    1.198404322254509,
    1.2124664329458918,
    1.253090308276553,
    1.5530820030260521,
    0.0,
    0.0
  ],
  "velocity": [],
  "effort": []
}