{
  "timestamp": {
    "sec": 1774010393,
    "nanosec": 841980102
  },
  "name": [
    "right_little_1_joint",
    "right_ring_1_joint",
    "right_middle_1_joint",
    "right_index_1_joint",
    "right_thumb_2_joint",
    "right_thumb_1_joint",
    "right_index_2_joint",
    "right_middle_2_joint",
    "right_ring_2_joint",
    "right_little_2_joint",
    "right_thumb_3_joint",
    "right_thumb_4_joint"
  ],
  "position": [
    1.438099980354309,
    1.0821774005889893,
    1.089382290840149,
    1.0418299436569214,
    0.619379997253418,
    1.309000015258789,
    1.129656195640564,
    1.1812173128128052,
    1.1734050512313843,
    1.5593318939208984,
    0.0,
    0.0
  ],
  "velocity": [],
  "effort": []
}