{
  "timestamp": {
    "sec": 1774013071,
    "nanosec": 659320743
  },
  "name": [
    "right_little_1_joint",
    "right_ring_1_joint",
    "right_middle_1_joint",
    "right_index_1_joint",
    "right_thumb_2_joint",
    "right_thumb_1_joint",
    "right_index_2_joint",
    "right_middle_2_joint",
    "right_ring_2_joint",
    "right_little_2_joint",
    "right_thumb_3_joint",
    "right_thumb_4_joint"
  ],
  "position": [
    1.2478903532028198,
    1.2363625764846802,
    1.2493313550949097,
    1.1801642179489136,
    0.6069799661636353,
    1.309000015258789,
    1.2796521186828613,
    1.3546500205993652,
    1.3405879735946655,
    1.3530875444412231,
    0.0,
    0.0
  ],
  "velocity": [],
  "effort": []
}